,url,title,total_score,text,price
0,https://www.google.com/maps/search/?api=1&query=tagspace.dalat&query_place_id=ChIJuRBbYgATcTERDM18R8aJ8RE,tagspace.dalat,4.8,"C√°ch trung t√¢m TP Dalat 1,2 km, d·ªÖ d√†ng di chuy·ªÉn theo ch·ªâ d·∫´n c·ªßa Google Maps. . Kh√¥ng gian:. Ti·ªám nh·ªè xinh v·ªõi kh√¥ng gian tho√°ng ƒë√£ng, v·∫≠t d·ª•ng n·ªôi th·∫•t s·∫°ch s·∫Ω, tinh gi·∫£n, hi·ªán ƒë·∫°i, ·∫•m √°p & g·∫ßn g≈©i.. T·ª´ng g√≥c nh·ªè ƒë∆∞·ª£c ti·ªám b√†y tr√≠ g·ªçn g√†ng xinh x·∫Øn.. Trong khu v·ª±c c√≤n cho thu√™ Home ƒë·∫ßy ƒë·ªß ti·ªán nghi, t·ªõi ti·ªám h·ªèi c√°c b√© nh√¢n vi√™n m√¨nh m·ªõi bi·∫øt c√≥ home ch·ª© home ko qu·∫£ng c√°o lun <3. . Ch·∫•t l∆∞·ª£ng ƒë·ªì u·ªëng:. - B√°nh: ti·ªám ch∆∞a b√°n b√°nh, ch·ªâ l√†m ƒë√∫ng h√¥m khai tr∆∞∆°ng :( mong l√† ti·ªám c√≥ th·ªùi gian ƒë·ªÉ ki√™m lun m·∫£ng n√†y l√¢u d√†i <3. - Cafe/tr√†: l√† ti·ªám m√¨nh ƒë√°nh gi√° l√† kh√° ƒë·∫ßu t∆∞ v√†n ch·∫•t l∆∞·ª£ng ƒë·ªì u·ªëng ch·ª© kh√¥ng qu√° ch√∫ tr·ªçng v√†o kh√¥ng gian b·∫Øt trend/s·ªëng ·∫£o... :) (√Ω ki·∫øn c√° nh√¢n, mong ko n√©m ƒë√°). Tr√† d√πng code kh√° x·ªãn nha <3... 10 ƒëi·ªÉm <3. . Gi√° th√†nh:. R·∫ª so v·ªõi ch·∫•t l∆∞·ª£ng nh·∫≠n ƒë∆∞·ª£c v√† so v·ªõi m·∫∑t b·∫±ng gi√° chung t·∫°i Dalat. . D·ªãch v·ª•:. Nh√¢n vi√™n th√¢n thi·ªán, d·ªÖ m·∫øn, ni·ªÅm n·ªü v·ªõi kh√°ch.. H∆∞·ªõng d·∫´n r·∫•t l·ªãch s·ª±, ph·ª•c v·ª• nhanh ch√≥ng, c·∫©n th·∫≠n v√† quan tr·ªçng: S·∫†CH S·∫º!. . R·∫•t n√™n ƒë·∫øn <3",1-100.000¬†‚Ç´
1,https://www.google.com/maps/search/?api=1&query=101%20Caf%C3%A9%20%26%20Music&query_place_id=ChIJx7-B9PBtcTERi1FbwZsHDsk,101 caf√© & music,5.0,"Qu√°n si√™u xinh, n∆∞·ªõc u·ªëng ngon (ƒë·∫∑c bi·ªát l√† m√≥n tr√† chanh), anh ch·ªã ch·ªß si√™u nhi·ªát t√¨nh, d·ªÖ th∆∞∆°ng. ü•∞ü•∞üòò . S·∫Ω ƒë·∫øn qu√°n d√†i d√†i trong th·ªùi gian ti·∫øp theo.. Luv üòòüòòüòâü•∞ü•∞",1-100.000¬†‚Ç´
2,https://www.google.com/maps/search/?api=1&query=Qu%C3%A1n%20C%E1%BB%A7a%20Th%E1%BB%9Di%20Thanh%20Xu%C3%A2n&query_place_id=ChIJw6D__a8TcTERqUhnflvGR7s,qu√°n c·ªßa th·ªùi thanh xu√¢n,4.9,"Qu√°n c·ªßa th·ªùi Thanh Xu√¢n. 1 qu√°n caffe m·ªôc m·∫°c, y√™n b√¨nh v·ªõi r·∫•t nhi·ªÅu nh·ªØng ho·∫°t ƒë·ªông workshop th√∫ v·ªã. Nh∆∞ h·ªçc th·ªß ng·ªØ c√πng c√°c b·∫°n ƒëi·∫øc. H·ªçc mix tinh d·∫ßu t·∫°o ra m√πi h∆∞∆°ng n∆∞·ªõc hoa ri√™ng c·ªßa m√¨nh v√† tr·∫£i nghi·ªám tham quan m√¥ h√¨nh n√¥ng tr·∫°i c·ªßa Nh√† v√† Qu√°n",1-100.000¬†‚Ç´
3,https://www.google.com/maps/search/?api=1&query=Qu%C3%A1n%20C%E1%BB%A7a%20Th%E1%BB%9Di%20Thanh%20Xu%C3%A2n&query_place_id=ChIJw6D__a8TcTERqUhnflvGR7s,qu√°n c·ªßa th·ªùi thanh xu√¢n,4.9,Qu√°n b√¨nh y√™n c·ª±c.N∆∞·ªõc ngon.Si√™u m√°t m·∫ª lu√¥n √≠.ƒê·∫øn qu√°n m√¨nh c·∫£m th·∫•y ƒë∆∞·ª£c s·ª± b√¨nh y√™n.Si√™u y√™n tƒ©nh lu√¥n √≠ ·∫°. c√°c b·∫°n n√™n gh√© nh√©,1-100.000¬†‚Ç´
4,https://www.google.com/maps/search/?api=1&query=The%20Married%20Beans%20-%20Showroom&query_place_id=ChIJ2xz2BSkTcTERKnyQoeI1rxE,the married beans - showroom,4.6,C√† ph√™ r·∫•t tuy·ªát v√† kh√¥ng qu√° ƒë·∫Øt (40 k) v√† b√°nh tiramisu c≈©ng r·∫•t ngon :) Nh√¢n vi√™n c≈©ng r·∫•t ngon.,1-100.000¬†‚Ç´
5,https://www.google.com/maps/search/?api=1&query=The%20Married%20Beans%20-%20Showroom&query_place_id=ChIJ2xz2BSkTcTERKnyQoeI1rxE,the married beans - showroom,4.6,"Qu√°n c√† ph√™ nh·ªè xinh m√† ch·ªß y·∫øu cung c·∫•p c√°c lo·∫°i c√† ph√™ v√† tr√† kh√°c nhau v√† m·ªôt lo·∫°i b√°nh nh·ªè. Ch·ªâ c√≥ b√°nh Tiramisu c√≥ s·∫µn, th·∫≠t tuy·ªát. H·ªç c≈©ng b√°n m·ªôt s·ªë h·∫°t c√† ph√™ ƒë·ªãa ph∆∞∆°ng, n·∫øu b·∫°n ƒëang mu·ªën mang v·ªÅ nh√†.",1-100.000¬†‚Ç´
6,https://www.google.com/maps/search/?api=1&query=The%20Married%20Beans%20-%20Showroom&query_place_id=ChIJ2xz2BSkTcTERKnyQoeI1rxE,the married beans - showroom,4.6,"C√† ph√™ SUPERB nh∆∞ng gh·∫ø kh√¥ng tho·∫£i m√°i. Qu√°n c√† ph√™ nh·ªè v√† ch·ªâ c√≥ m·ªôt v√†i ch·ªó ng·ªìi. C√≥ m·ªôt c√°i b√†n l·ªõn m√† ch√∫ng t√¥i ph·∫£i chia s·∫ª v·ªõi m·ªôt c√¥ g√°i li√™n t·ª•c ƒë√°nh h∆°i (kh√¥ng ph·∫£i l·ªói qu√°n c√† ph√™) nh∆∞ng ƒë√≥ l√† R·∫§T NHI·ªÄU! Nh·ªØng chi·∫øc gh·∫ø kh√°c c√≥ s·∫µn l√† nh·ªØng chi·∫øc gh·∫ø g·ªó cao l√†m cho l∆∞ng v√† l∆∞ng c·ªßa ch√∫ng t√¥i b·ªã t·ªïn th∆∞∆°ng, ƒë√≥ l√† l√Ω do t·∫°i sao t√¥i ƒë√£ cho 3 sao.. . Cu·ªëi c√πng, c√† ph√™ l√† tuy·ªát v·ªùi nh∆∞ng ƒê·∫≠u ƒë√£ k·∫øt h√¥n s·∫Ω cung c·∫•p ch·ªó ng·ªìi tho·∫£i m√°i h∆°n.",1-100.000¬†‚Ç´
7,https://www.google.com/maps/search/?api=1&query=The%20Married%20Beans%20-%20Showroom&query_place_id=ChIJ2xz2BSkTcTERKnyQoeI1rxE,the married beans - showroom,4.6,C√† ph√™ ·ªü ƒë√¢y th·∫≠t tuy·ªát v·ªùi! C√≥ m·ªôt t√°ch espresso + thu·ªëc b·ªï (v·ªõi h∆∞∆°ng th·∫£o). . . th·∫≠t ƒë·ªôc ƒë√°o v√† ngon mi·ªáng H·ªç c≈©ng b√°n m·ªôt s·ªë c√† ph√™ ngon ·ªü ƒë√¢y v√¨ v·∫≠y r·∫•t ƒë√°ng ƒë·ªÉ gh√© thƒÉm n·∫øu b·∫°n l√† m·ªôt ng∆∞·ªùi h√¢m m·ªô c√† ph√™!,1-100.000¬†‚Ç´
8,https://www.google.com/maps/search/?api=1&query=The%20Married%20Beans%20-%20Showroom&query_place_id=ChIJ2xz2BSkTcTERKnyQoeI1rxE,the married beans - showroom,4.6,"""ƒê·∫≠u ƒë√£ k·∫øt h√¥n"", kh√¥ng ph·∫£i l√† m·ªôt nh√† h√†ng; n√≥ l√† m·ªôt TRUNG T√ÇM S·ª∞ KI·ªÜN.. . Tu·∫ßn trƒÉng m·∫≠t b·∫Øt ƒë·∫ßu ·ªü Ca phe Quan - - Qu√°n c√† ph√™, n∆°i c√≥ c√† ph√™ tuy·ªát v·ªùi m√† h·ªç rang v√† pha ch·∫ø t·∫°i ch·ªó trong Nh√† m√°y. Hi·ªÉn th·ªã t·ª´ Cafe 'v√† ch·ªó ng·ªìi s·ª± ki·ªán.. C√≥ m·ªôt lo·∫°t c√† ph√™ Marred Bean tuy·ªát v·ªùi ƒë∆∞·ª£c ƒë√≥ng g√≥i cho 'L·ªåC' ho·∫∑c Espresso t·∫°i nh√†.. M·ªôt s·ªë th·ª±c ph·∫©m c√≥ s·∫µn; m·ªôt ƒëi·ªÉm n·ªïi b·∫≠t l√† l√≤ n∆∞·ªõng b·∫±ng c·ªßi & BBQ, ƒë∆∞·ª£c s·ª≠ d·ª•ng ƒë·ªÉ n·∫•u ƒÉn v√† ph·ª•c v·ª• s·ª± ki·ªán.. N·∫øu b·∫°n ƒëi m·ªôt l·∫ßn, n√≥ kh√¥ng 'ƒë·∫≠u ·ªü ƒë√≥ v√† l√†m ƒëi·ªÅu ƒë√≥' B·ªüi v√¨ b·∫°n th√≠ch t√¥i s·∫Ω mu·ªën quay l·∫°i ƒë·ªÉ 'k·∫øt h√¥n l·∫ßn n·ªØa' haha.",1-100.000¬†‚Ç´
9,https://www.google.com/maps/search/?api=1&query=The%20Married%20Beans%20-%20Showroom&query_place_id=ChIJ2xz2BSkTcTERKnyQoeI1rxE,the married beans - showroom,4.6,Qu√°n l√† m·ªôt trong nh·ªØng n∆°i d√†nh cho ai mu·ªën th∆∞·ªüng th·ª©c h∆∞∆°ng v·ªã cafe s·∫°ch. Kh√¥ng gian h∆°i nh·ªè v√† kh√¥ng c√≥ ch·ªó ƒë·ªÉ xe.,1-100.000¬†‚Ç´
10,https://www.google.com/maps/search/?api=1&query=The%20Married%20Beans%20-%20Showroom&query_place_id=ChIJ2xz2BSkTcTERKnyQoeI1rxE,the married beans - showroom,4.6,"T√¥i ch·ªçn ƒê√† L·∫°t l√† ƒëi·ªÉm ƒë·∫øn c·ªßa t√¥i cho k·ª∑ ni·ªám 1 nƒÉm c·ªßa t√¥i m·∫∑c d√π t√¥i ƒë√£ ·ªü ƒë√¢y r·∫•t nhi·ªÅu l·∫ßn.. Th·ªã tr·∫•n nh·ªè ƒë·∫øn m·ª©c b·∫°n ƒëi b·ªô ho·∫∑c ƒëi v√≤ng quanh v√† nh√¨n th·∫•y nh·ªØng n∆°i ƒë√≥ m·ªôt l·∫ßn n·ªØa v√† m·ªôt l·∫ßn n·ªØa. V√¨ v·∫≠y, BEANS MARRIED l√† m·ªôt trong con ƒë∆∞·ªùng c·ªßa t√¥i, qu√°. L√∫c ƒë·∫ßu, t√¥i ƒë√£ kh√¥ng g√¢y ·∫•n t∆∞·ª£ng nhi·ªÅu nh∆∞ng sau ƒë√≥ t√™n ch·ªâ gi·ªØ xu·∫•t hi·ªán trong ƒë·∫ßu c·ªßa t√¥i ""k·∫øt h√¥n?"". V√¨ v·∫≠y, t√¥i quy·∫øt ƒë·ªãnh gh√© thƒÉm qu√°n c√† ph√™ k·ª≥ l·∫° d·ªÖ th∆∞∆°ng n√†y. T√¥i r·∫•t ·∫•n t∆∞·ª£ng v·ªõi c√°ch trang tr√≠ c·ªßa TMB. M·ªôt chi·∫øc gh·∫ø sofa l·ªõn, m·ªôt s·ªë b√†n gh·∫ø m√†u tr·∫Øng, m·ªôt chi·∫øc b√†n g·ªó l·ªõn v√† gh·∫ø ngo√†i tr·ªùi. T√¥i ch·ªçn c√°i b√†n ƒë·ªëi di·ªán v·ªõi qu·∫ßy bar, ngay tr∆∞·ªõc k·ªá. C·∫£m ∆°n quy·∫øt ƒë·ªãnh ƒë√≥, t√¥i ƒë√£ t√¨m ra m·ªôt s·ªë th√¥ng tin v√† th√¥ng tin th√∫ v·ªã v·ªÅ ƒë·ªãa ƒëi·ªÉm n√†y (trang tr·∫°i c√≥ trang tr·∫°i ri√™ng) v√† m·ªôt s·ªë t√†i li·ªáu qu·∫£ng c√°o. . .. C√°c nh√¢n vi√™n ƒë√£ ƒë∆∞·ª£c t·ªët ƒë·∫πp. N√≥ ·∫•m √°p b√™n trong. R·∫•t ·∫•m c√∫ng. ƒê·ªì u·ªëng th·∫≠t ho√†n h·∫£o. N√≥ ch·ªâ soooo ·∫•m c√∫ng v√† ·∫•m √°p v√† tuy·ªát v·ªùi ƒë∆∞·ª£c ·ªü ƒë√≥ v√† t√¥i y√™u n√≥ qu√° nhi·ªÅu T√¥i kh√¥ng mu·ªën ƒëi.",1-100.000¬†‚Ç´
11,https://www.google.com/maps/search/?api=1&query=The%20Married%20Beans%20-%20Showroom&query_place_id=ChIJ2xz2BSkTcTERKnyQoeI1rxE,the married beans - showroom,4.6,"N∆°i t·ªët ƒë·ªÉ th∆∞ gi√£n v√†o m·ªôt ng√†y m∆∞a, pha c√† ph√™ ngon v√† ƒë·∫≠u ƒë·ªÉ l·∫•y l·∫°i. H√£y th·ª≠ c√† ph√™ ƒë·ªè m·∫≠t ong c·ªßa h·ªç khi ƒë·∫øn thƒÉm.",1-100.000¬†‚Ç´
12,https://www.google.com/maps/search/?api=1&query=The%20Married%20Beans%20-%20Showroom&query_place_id=ChIJ2xz2BSkTcTERKnyQoeI1rxE,the married beans - showroom,4.6,Qu√°n c√† ph√™ nh·ªè nh·∫Øn v√† d·ªÖ th∆∞∆°ng v·ªõi c√† ph√™ r·∫•t ngon. Affogato ƒë∆∞·ª£c ph·ª•c v·ª• v·ªõi m·ªôt gi·∫•c m∆° c·ªßa kem d·ª´a! Caphe sua (c√† ph√™ s·ªØa vi·ªát nam) ƒë∆∞·ª£c khuy·∫øn ngh·ªã u·ªëng ·ªü ƒë√≥:) nh√¢n vi√™n r·∫•t th√¢n thi·ªán v√† l·ªãch s·ª±. T·ªët t·∫°i ch·ªó ƒë·ªÉ ƒëi cho m·ªôt ho·∫∑c hai c√† ph√™!,1-100.000¬†‚Ç´
13,https://www.google.com/maps/search/?api=1&query=The%20Married%20Beans%20-%20Showroom&query_place_id=ChIJ2xz2BSkTcTERKnyQoeI1rxE,the married beans - showroom,4.6,"Nh·ªØng ng∆∞·ªùi n√†y l√† nh·ªØng chuy√™n gia c√† ph√™, c√°c nh√¢n vi√™n c√≥ tay ngh·ªÅ cao v√† th√¢n thi·ªán v√† t·∫•t c·∫£ c√°c lo·∫°i ƒë·ªì u·ªëng c√≥ ch·∫•t l∆∞·ª£ng v∆∞·ª£t tr·ªôi.",1-100.000¬†‚Ç´
14,https://www.google.com/maps/search/?api=1&query=The%20Married%20Beans%20-%20Showroom&query_place_id=ChIJ2xz2BSkTcTERKnyQoeI1rxE,the married beans - showroom,4.6,"H∆°i ƒë·∫Øt h∆°n nh√† c√† ph√™ ƒë·ªãa ph∆∞∆°ng c·ªßa b·∫°n (30 k cho c√† ph√™ ƒëen ƒë√°) nh∆∞ng ho√†n to√†n ƒë√°ng gi√°. Kh√¥ng gian ƒë√°ng y√™u, ƒë·ªôi ng≈© nh√¢n vi√™n th√¢n thi·ªán v√† c√† ph√™ tuy·ªát v·ªùi.",1-100.000¬†‚Ç´
15,https://www.google.com/maps/search/?api=1&query=The%20Married%20Beans%20-%20Showroom&query_place_id=ChIJ2xz2BSkTcTERKnyQoeI1rxE,the married beans - showroom,4.6,"khong gian qu√°n kh√° nh·ªè ƒëem l·∫°i c·∫£m gi√°c ·∫•m c√∫ng ·ªü ƒë√¢y chuy√™n v·ªÅ c√† ph√™ nh·∫•t l√† v60 kh√° ngon, b√°nh h∆°i √≠t ƒë∆∞·ª£c cheesecake ƒÉn v·ª´a mi·ªáng. ph·ª•c v·ª• nhi·ªát t√¨nh d·ªÖ th∆∞∆°ng h√¥m m√¨nh ƒëi ƒë∆∞·ª£c anh ch·ªß qu√°n t·∫∑ng 1 ly c√† ph√™ v60 r·∫•t th∆°m.",1-100.000¬†‚Ç´
16,https://www.google.com/maps/search/?api=1&query=The%20Married%20Beans%20-%20Showroom&query_place_id=ChIJ2xz2BSkTcTERKnyQoeI1rxE,the married beans - showroom,4.6,"Qu√°n c√† ph√™ ƒë√°ng y√™u v·ªõi cappuccino ngon. T√¥i ·ªü l·∫°i kh√° l√¢u v√† c√≥ m·ªôt matcha latte qu√°, c≈©ng r·∫•t th√∫ v·ªã!",1-100.000¬†‚Ç´
17,https://www.google.com/maps/search/?api=1&query=The%20Married%20Beans%20-%20Showroom&query_place_id=ChIJ2xz2BSkTcTERKnyQoeI1rxE,the married beans - showroom,4.6,C√† ph√™ rang nh·∫π. H·ªç c√≥ m·ªôt s·ªë t√πy ch·ªçn cho h·ªón h·ª£p v√† ƒë·∫≠u g·ªëc ƒë∆°n. ƒê·ªï n∆∞·ªõc mu·ªëi v√† bia l·∫°nh. B·∫ßu kh√¥ng kh√≠ ·∫•m c√∫ng v·ªõi l·ªëi trang tr√≠ ngh·ªá thu·∫≠t v√† gh·∫ø d√†i.. T√¥i ƒëi b·ªô xung quanh th√†nh ph·ªë v√† kh√¥ng t√¨m th·∫•y b·∫•t c·ª© n∆°i n√†o kh√°c t·ª± h√†o hi·ªÉn th·ªã c√°c t√πy ch·ªçn ƒë·∫≠u c√† ph√™.. N·∫øu b·∫°n th√≠ch c√† ph√™ ngon. Ki·ªÉm tra ƒë·∫≠u k·∫øt h√¥n.,1-100.000¬†‚Ç´
18,https://www.google.com/maps/search/?api=1&query=The%20Married%20Beans%20-%20Showroom&query_place_id=ChIJ2xz2BSkTcTERKnyQoeI1rxE,the married beans - showroom,4.6,Ch√∫ng t√¥i ƒë·∫øn thƒÉm hai l·∫ßn v√† mang v·ªÅ nh√† m·ªôt √≠t c√† ph√™ t·ª´ qu√°n c√† ph√™ nh·ªè xinh x·∫Øn n√†y. C√°c nh√¢n vi√™n sinh vi√™n r·∫•t th√¢n thi·ªán.,1-100.000¬†‚Ç´
19,https://www.google.com/maps/search/?api=1&query=The%20Married%20Beans%20-%20Showroom&query_place_id=ChIJ2xz2BSkTcTERKnyQoeI1rxE,the married beans - showroom,4.6,"Vi·∫øt ƒëi·ªÅu n√†y khi t√¥i nh√¢m nhi ·ªü ƒë√¢y v√†o m·ªôt bu·ªïi chi·ªÅu ·∫©m ∆∞·ªõt, nghe nh·∫°c jazz ch·∫≠m v√† ƒë∆∞·ª£c chƒÉm s√≥c b·ªüi ƒë·ªôi ng≈© nh√¢n vi√™n ƒë√°ng y√™u. Ch√∫ng t√¥i ƒëang n·∫øm th·ª≠ hai lo·∫°i c√† ph√™ ƒë·ªãa ph∆∞∆°ng v√† ƒë∆∞·ª£c ch√†o ƒë√≥n n·ªìng nhi·ªát ƒë·ªÉ xem c√°c nh√¢n vi√™n chu·∫©n b·ªã ch√∫ng cho ch√∫ng t√¥i!. H·ªç cung c·∫•p cho b·∫°n m·ªôt lo·∫°i tr√† r√µ r√†ng nh∆∞ m·ªôt th·ª©c u·ªëng ch√†o ƒë√≥n, v√† n√≥ ch·ªâ c√≥ v·ªã nh∆∞ g·∫°o n∆∞·ªõng v·ªõi t√¥i, ngon! !. C√°c nh√¢n vi√™n cho t√¥i th·∫•y m·ªôt c√¢y / r·ªÖ l√† n√≥ th·ª±c s·ª± ƒë∆∞·ª£c l√†m t·ª´, v√† sau ƒë√≥ bough tr√™n m·ªôt n·ªìi tr√† n√†y nh∆∞ m·ªôt c·ª≠ ch·ªâ ƒë√°ng y√™u.. R·∫•t ·∫•m c√∫ng, ·∫•m c√∫ng v√† t·ªët ƒë·∫πp ƒë·ªÉ th·ª≠ nghi·ªám h∆∞∆°ng v·ªã v·ªõi m·ªôt cu·ªën s√°ch",1-100.000¬†‚Ç´
20,https://www.google.com/maps/search/?api=1&query=The%20Married%20Beans%20-%20Showroom&query_place_id=ChIJ2xz2BSkTcTERKnyQoeI1rxE,the married beans - showroom,4.6,M·ªôt c·ª≠a h√†ng coffee nh·ªè v·ªõi kh√¥ng gian ·∫•m c√∫ng. T·∫•t c·∫£ ƒë·ªÅu tuy·ªát v·ªùi‚ù§Ô∏è V·ªÅ th·ª©c u·ªëng v√† c·∫£ s·ª± th√¢n thi·ªán c·ªßa m·ªçi ng∆∞·ªùi n∆°i ƒë√¢y.,1-100.000¬†‚Ç´
21,https://www.google.com/maps/search/?api=1&query=Bicycle%20up%20cafe&query_place_id=ChIJP5o0RikTcTERuDkxx6CUmMg,bicycle up cafe,4.6,"ƒê·ªì c·ªï ·ªü g√≥c ph·ªë, ƒë·∫°p xe ƒë·∫°p Cafe kh√°c v·ªõi c√°c qu√°n c√† ph√™ m·ªõi quanh Lat. Xe ƒë·∫°p ph·ª•c v·ª• c√† ph√™ t·ªët nh·∫•t ·ªü Lat v√† s√∫p th·ªãt vi√™n t·ªët nh·∫•t. C√°c nh√¢n vi√™n r·∫•t h·ªØu √≠ch v√† th√¢n thi·ªán. Ch·∫Øc ch·∫Øn ƒë·ªÅ ngh·ªã.",1-100.000¬†‚Ç´
22,https://www.google.com/maps/search/?api=1&query=Bicycle%20up%20cafe&query_place_id=ChIJP5o0RikTcTERuDkxx6CUmMg,bicycle up cafe,4.6,"Y√™u n∆°i n√†y v·ªÅ c√† ph√™, sinh t·ªë, tr√†, th·ªãt vi√™n, s√¥ c√¥ la v√† cafe sua the. Nhi·ªÅu th·ªÉ lo·∫°i nh·∫°c nh∆∞ jazz, Beatles, fork, Ch√¢u Phi, Vi·ªát Nam. Nh√¢n vi√™n r·∫•t t·ªët, th√¢n thi·ªán.. Trang tr√≠ tuy·ªát v·ªùi v·ªõi ngh·ªá thu·∫≠t, t√°i ch·∫ø v√† c·ªï ƒëi·ªÉn.",1-100.000¬†‚Ç´
23,https://www.google.com/maps/search/?api=1&query=Bicycle%20up%20cafe&query_place_id=ChIJP5o0RikTcTERuDkxx6CUmMg,bicycle up cafe,4.6,"B·∫°n y√™u th√≠ch th√†nh ph·ªë dalat v√† qu√°n c√† ph√™ theo phong c√°ch c·ªï ƒëi·ªÉn c≈© c·ªßa n√≥, MotorcycleUp Cafe l√† s·ª± l·ª±a ch·ªçn t·ªët nh·∫•t. Qu√°n c√† ph√™ y√™u th√≠ch c·ªßa t√¥i trong th·ªã tr·∫•n m√† t√¥i g·ªçi l√† ng√¥i nh√† th·ª© hai c·ªßa m√¨nh k·ªÉ t·ª´ nƒÉm 1996. T·∫≠n h∆∞·ªüng th·ªùi gian c·ªßa b·∫°n ·ªü ƒê√† L·∫°t v√† m·ªôt qu√°n c√† ph√™ nh∆∞ v·∫≠y.",1-100.000¬†‚Ç´
24,https://www.google.com/maps/search/?api=1&query=Bicycle%20up%20cafe&query_place_id=ChIJP5o0RikTcTERuDkxx6CUmMg,bicycle up cafe,4.6,"N∆°i n√†y c√≥ m·ªôt s·ª± rung c·∫£m ∆∞·ªõp l·∫°nh t·ªët ƒë·∫πp, n∆°i ƒë√°ng y√™u ƒë·ªÉ ƒë·ªó xe v√† th∆∞ gi√£n m·ªôt l√∫c. T√¥i ƒë√£ u·ªëng c√† ph√™ l·∫Øc (40 K) v√† b·∫°n trai t√¥i ƒë√£ u·ªëng c√† ph√™ n√≥ng v·ªõi s·ªØa ƒë·∫∑c (35 K). C·∫£ hai ƒë·ªÅu ngon & ng∆∞·ªùi ph·ª• n·ªØ ph·ª•c v·ª• trong nh√† h√†ng th·ª±c s·ª± ƒë√°ng y√™u v√† ch√†o ƒë√≥n. R·∫•t nhi·ªÅu s√°ch v√† tr√≤ ch∆°i (e. G. Rubix cube) n·∫±m xung quanh ƒë·ªÉ b·∫°n s·ª≠ d·ª•ng. Tr√† mi·ªÖn ph√≠ cu·ªëi c√πng qu√°! ƒê·ªÅ ngh·ªã n∆°i n√†y!",1-100.000¬†‚Ç´
25,https://www.google.com/maps/search/?api=1&query=Bicycle%20up%20cafe&query_place_id=ChIJP5o0RikTcTERuDkxx6CUmMg,bicycle up cafe,4.6,T√¨nh c·ªù th·∫•y n∆°i n√†y trong khi ƒëi d·∫°o ·ªü Lat t√¨m b·ªØa s√°ng. Cu·ªëi c√πng t√¥i ƒë√£ c√≥ sinh t·ªë d√¢u t√¢y r·∫•t ngon. Latte ƒë√° c≈©ng th·ª±c s·ª± ngon!. . Y√™u kh√¥ng kh√≠ ·ªü n∆°i n√†y - si√™u ·∫•m c√∫ng v√† k·ª≥ l·∫°.,1-100.000¬†‚Ç´
26,https://www.google.com/maps/search/?api=1&query=Bicycle%20up%20cafe&query_place_id=ChIJP5o0RikTcTERuDkxx6CUmMg,bicycle up cafe,4.6,"ƒê√¢y l√† m·ªôt qu√°n c√† ph√™ nh·ªè ƒë√°ng y√™u, ·∫•m c√∫ng ·ªü ƒê√† L·∫°t v·ªõi m·ªôt s·ª± rung c·∫£m th·ª±c s·ª± tuy·ªát v·ªùi v√† √¢m nh·∫°c tuy·ªát v·ªùi. C√† ph√™ cappuccino th·∫≠t tuy·ªát v·ªùi v√† sinh t·ªë c·ªßa ƒë·ªëi t√°c c·ªßa t√¥i c≈©ng r·∫•t t·ªët.",1-100.000¬†‚Ç´
27,https://www.google.com/maps/search/?api=1&query=Bicycle%20up%20cafe&query_place_id=ChIJP5o0RikTcTERuDkxx6CUmMg,bicycle up cafe,4.6,Wow! Nh·ªØng g√¨ t√¥i c√≥ th·ªÉ n√≥i n∆°i n√†y lil l√† sooo d·ªÖ th∆∞∆°ng! Ch√∫ng t√¥i ch·ªâ ƒëi u·ªëng c√† ph√™ nhanh nh∆∞ng d√†nh 2 gi·ªù ·ªü ƒë√≥! S·∫Ω khuy√™n b·∫°n n√™n ƒë·∫∑c bi·ªát smoothie c·ªßa d·ª©a v√† g·ª´ng. Yummmmmieee! M·ªôt c·ª≠a h√†ng lil k·ª≥ qu·∫∑c nh∆∞ v·∫≠y.,1-100.000¬†‚Ç´
28,https://www.google.com/maps/search/?api=1&query=Bicycle%20up%20cafe&query_place_id=ChIJP5o0RikTcTERuDkxx6CUmMg,bicycle up cafe,4.6,"M·ªôt n∆°i ho√†n h·∫£o ƒë·ªÉ ng·ªìi xu·ªëng, ƒë·ªçc m·ªôt cu·ªën s√°ch, v√† th∆∞·ªüng th·ª©c m·ªôt l·ª±a ch·ªçn tuy·ªát v·ªùi c·ªßa c√† ph√™, tr√† v√† ƒë·ªì u·ªëng. T√¥i ƒë√£ tr·∫£i qua r·∫•t nhi·ªÅu gi·ªù ·ªü ƒë√¢y ch·ªâ ƒë·ªÉ t·∫≠n h∆∞·ªüng b·∫ßu kh√¥ng kh√≠ khi t√¥i ƒë·ªçc v√† th∆∞ gi√£n, n∆°i tuy·ªát v·ªùi:)",1-100.000¬†‚Ç´
29,https://www.google.com/maps/search/?api=1&query=Bicycle%20up%20cafe&query_place_id=ChIJP5o0RikTcTERuDkxx6CUmMg,bicycle up cafe,4.6,"ƒê√¢y l√† t·ªïng s·ªë ƒë√° qu√Ω. M·ªôt retro, th√¥ng minh chi·∫øt trung ra ƒë√≥ l√† ·∫•m c√∫ng v√† y√™n tƒ©nh. C√† ph√™ th·∫≠t ƒë·∫πp, ƒë·∫∑c bi·ªát l√† ƒë·ªï l√™n. Ngo√†i ra c√≤n c√≥ m·ªôt s·ªë chi ti·∫øt th·ª±c s·ª± ƒë√°ng y√™u nh∆∞ tr√¨nh ƒë∆°n b·∫±ng vƒÉn b·∫£n tay v√† d·∫≠p n·ªïi tr√™n ƒë·ªï tr√™n b·ªô l·ªçc (xem h√¨nh ·∫£nh) ph·ª•c v·ª• cho b·∫£ng. Ch·ªâ c·∫ßn th·ª±c hi·ªán r·∫•t t·ªët. Ch√∫ng t√¥i ch·∫Øc ch·∫Øn s·∫Ω tr·ªü l·∫°i ƒë·ªÉ s·ª≠a ch·ªØa c√† ph√™ c·ªßa ch√∫ng t√¥i.",1-100.000¬†‚Ç´
30,https://www.google.com/maps/search/?api=1&query=Bicycle%20up%20cafe&query_place_id=ChIJP5o0RikTcTERuDkxx6CUmMg,bicycle up cafe,4.6,"M·ªôt n∆°i ·∫•m √°p, th√¢n thi·ªán, tho·∫£i m√°i v√† ƒë√°ng y√™u ·∫©n trong m·ªôt con h·∫ªm tuy·ªát ƒë·∫πp ·ªü th√†nh ph·ªë Lat. √Çm nh·∫°c tuy·ªát v·ªùi, v√† tr√† l√™n l√† c·∫£m ƒë·ªông (b·∫°n ph·∫£i ƒë·∫∑t h√†ng n√≥!). ƒê√¢y l√† m·ªôt n∆°i tuy·ªát v·ªùi ƒë·ªÉ h·ªçc t·∫≠p v√† th∆∞ gi√£n, phong th·ªßy t·ªët.",1-100.000¬†‚Ç´
31,https://www.google.com/maps/search/?api=1&query=Bicycle%20up%20cafe&query_place_id=ChIJP5o0RikTcTERuDkxx6CUmMg,bicycle up cafe,4.6,D·ªÖ d√†ng b·ªè l·ª° t·ª´ ƒë∆∞·ªùng ph·ªë nh∆∞ng m·ªôt qu√°n c√† ph√™ nh·ªè ·∫•m c√∫ng. ƒê·∫ßy v·ªõi n·ªØ trang ng·∫´u nhi√™n n√≥ th√∫ v·ªã ch·ªâ ƒë·ªÉ nh√¨n xung quanh. C√† ph√™ r·∫•t nh·ªè nh∆∞ng t·ªët v√† √¢m nh·∫°c hay (kh√¥ng qu√° to). Gi√° tr·ªã d·ª´ng l·∫°i v√† l·∫•y m·ªôt ly c√† ph√™ l√©n l√∫t nh∆∞ng c√≥ th·ªÉ y√™u c·∫ßu cappuccino c·ªßa b·∫°n th√™m n√≥ng v√¨ ti√™u chu·∫©n kh√¥ng ƒë·ªß n√≥ng.,1-100.000¬†‚Ç´
32,https://www.google.com/maps/search/?api=1&query=Bicycle%20up%20cafe&query_place_id=ChIJP5o0RikTcTERuDkxx6CUmMg,bicycle up cafe,4.6,"T√¥i ƒë√£ b·ªã cho√°ng ng·ª£p v·ªõi r·∫•t nhi·ªÅu th·ª© trong kh√¥ng gian nh·ªè n√†y khi t√¥i b∆∞·ªõc v√†o. L√∫c ƒë·∫ßu, n√≥ c√≥ v·∫ª nh∆∞ m·ªôt m·ªõ h·ªón ƒë·ªôn, nh∆∞ng ƒë√£ d√†nh nhi·ªÅu th·ªùi gian h∆°n n√≥ th·ª±c s·ª± gi·ªëng nh∆∞ m·ªôt ngh·ªá thu·∫≠t c√†i ƒë·∫∑t nh·ªØng th·ª© c≈© pha tr·ªôn v·ªõi ƒë·ªì c·ªï. R·∫•t nhi·ªÅu chi ti·∫øt ƒë·ªÉ kh√°m ph√° ·ªü m·ªói g√≥c.. R√µ r√†ng, m·ªôt trong nh·ªØng ch·ªß s·ªü h·ªØu - m·ªôt ng∆∞·ªùi ch·ªìng - l√† m·ªôt ki·∫øn ‚Äã‚Äãtr√∫c trong khi ng∆∞·ªùi ch·ªß kh√°c - m·ªôt ng∆∞·ªùi v·ª£ - l√† √¥ng ch·ªß bis. LOL. R·∫•t th√¢n thi·ªán, c√¥ ƒë·ªÅ ngh·ªã ki·ªÉm tra m·ªôt n∆°i m√°t m·∫ª kh√°c g·ªçi l√† qu√°n c√† ph√™ La Vi·ªát. M·ªôt lo·∫°i c√† ph√™ kh√°c c√≥ l·∫Ω s·∫Ω khi·∫øn t√¥i t·ªânh t√°o c·∫£ ƒë√™m, nh∆∞ng l√†m sao t√¥i c√≥ th·ªÉ ch·ªëng l·∫°i m·ªôt kh√°m ph√° kh√°c!",1-100.000¬†‚Ç´
33,https://www.google.com/maps/search/?api=1&query=Bicycle%20up%20cafe&query_place_id=ChIJP5o0RikTcTERuDkxx6CUmMg,bicycle up cafe,4.6,"N∆°i n√†y th·∫≠t tuy·ªát. N√≥ ·ªü m·ªôt v·ªã tr√≠ t·ªët v√† d·ªÖ d√†ng truy c·∫≠p. C√°c d·∫•u hi·ªáu nh·ªè v√† d·ªÖ b·ªè l·ª° nh∆∞ng b·∫°n s·∫Ω ph√°t hi·ªán ra n√≥ n·∫øu b·∫°n qu√©t g√≥c trong 10 gi√¢y. Decore c√≥ m·ªôt c·∫£m gi√°c ch√¢n th·∫≠t nh∆∞ng ƒë√≥ l√† ƒë·ªì c·ªï b·ªã b·∫Øn ph√°. V√¨ v·∫≠y, nhi·ªÅu ƒë·ªÉ b·∫°n c·∫£m th·∫•y ra kh·ªèi v·ªã tr√≠ khi b·∫°n ng·ªìi xu·ªëng. ƒêi·ªán tho·∫°i, ngh·ªá thu·∫≠t, m√°y ƒë√°nh ch·ªØ, s√°ch, th√πng v√† n·ªØ trang ƒë·ªÅu n·∫±m r·∫£i r√°c xung quanh. N√≥i r·∫±ng 'qu√° nhi·ªÅu' cho n√≥ m·ªôt √Ω nghƒ©a ti√™u c·ª±c, v√¨ v·∫≠y t√¥i s·∫Ω n√≥i n√≥ h∆°i nhi·ªÅu. Gh·∫ø ƒë∆∞·ª£c c·ª©ng v√† g·ªó v·ªõi nhi·ªÅu ƒë·ªám ƒë·ªÉ ch·ªìng l√™n nhau. ƒêi·ªÅu ƒë√≥ n√≥i r·∫±ng, ƒë√≥ l√† m·ªôt m√¥i tr∆∞·ªùng th√≠ch h·ª£p cho x√£ h·ªôi h√≥a v√† g·∫∑p g·ª° m·ªçi ng∆∞·ªùi trong m·ªôt th·ªùi gian ng·∫Øn. Kh√¥ng d√†nh cho du kh√°ch ƒë·ªôc th√¢n, nh·ªØng ng∆∞·ªùi mu·ªën ng·ªìi xu·ªëng trong m·ªôt th·ªùi gian d√†i ƒë·ªÉ ƒë·ªçc ho·∫∑c duy·ªát.. . H√£y n√≥i c√† ph√™. T√¥i ƒëang t√¨m ki·∫øm m·ªôt n∆°i ƒë·ªÉ th∆∞·ªüng th·ª©c c√† ph√™ trong khu v·ª±c. C√≥ r·∫•t nhi·ªÅu s·ª± th√∫c ƒë·∫©y ·ªü ƒë√¢y ƒë·ªÉ th·ª≠ v√† ph√°t tri·ªÉn m·ªôt arabica t·ªët. Kh√¥ng ph·∫£i l√† n∆°i d√†nh cho n√≥.. . ƒêi b·ªô trong, m·ªôt d√≤ng Bee House ƒë·ªï x√¥ ch√†o ƒë√≥n b·∫°n khi b·∫°n nh√¨n kh√¥ng m·ª•c ƒë√≠ch xung quanh quy·∫øt ƒë·ªãnh n∆°i v√† c√°ch b·∫°n mu·ªën ng·ªìi. T√¥i ƒë√£ ra l·ªánh cho m·ªôt v 60 v√† c√≥ m·ªôt s·ªë nh·∫ßm l·∫´n nh∆∞ nh·ªØng g√¨ t√¥i mu·ªën. T√¥i ƒë√£ kh√¥ng ƒë·∫©y n√≥ v√† y√™u c·∫ßu ƒë·ªï tr√™n tuy√™n b·ªë tr√™n menu. T√¥i ƒë√£ mong ƒë·ª£i m·ªôt chi·∫øc t√†u v√† ly ƒë∆∞·ª£c ·ªß t·ª´ m·ªôt Ng√¥i nh√† ong nh∆∞ng t√¥i c√≥ m·ªôt chi·∫øc b√¨nh v·ªõi m·ªôt m√°y v·∫Øt 60 v tr√™n ƒë·∫ßu v√† h·ªç ƒë·∫∑t n√≥ xu·ªëng theo phong c√°ch nh·ªè gi·ªçt c·ªßa Vi·ªát Nam. H·ªç ƒë√£ kh√¥ng v 60 ra v√† ch·ªâ ƒë·ªÉ cho n√≥ nh·ªè gi·ªçt. N√≥ tr√¥ng ƒë∆∞·ª£c chi·∫øt xu·∫•t (c√≥ th·ªÉ 14 g c√† ph√™ ƒë·∫øn 150 ml n∆∞·ªõc). Kh√¥ng ho√†n to√†n nh∆∞ th·∫ø n√†o t√¥i mu·ªën n·∫øm th·ª≠ ƒë·∫≠u nh∆∞ng t√¥i kh√¥ng quan t√¢m. T√¥i ch·∫Øc ch·∫Øn n·∫øu b·∫°n ƒë·∫∑t h√†ng b·∫•t c·ª© ƒëi·ªÅu g√¨ kh√°c tr√™n menu, b·∫°n s·∫Ω kh√¥ng ƒë∆∞·ª£c dissapointed. T√¥i th√≠ch c√† ph√™ v√† mu·ªën u·ªëng n√≥ b·∫±ng ph∆∞∆°ng ph√°p t√¥i th√≠ch.. . N√≥ r·∫•t th√≠ch h·ª£p nh∆∞ng nh·ªØng ng∆∞·ªùi ƒëi t·∫•t c·∫£ c√°c lo·∫°i. ƒê√≥ l√† kinh nghi·ªám ch·ªß quan c·ªßa t√¥i.",1-100.000¬†‚Ç´
34,https://www.google.com/maps/search/?api=1&query=Bicycle%20up%20cafe&query_place_id=ChIJP5o0RikTcTERuDkxx6CUmMg,bicycle up cafe,4.6,Qu√°n c√† ph√™ n√†y hi·∫øm khi t√¨m th·∫•y ·ªü Vi·ªát Nam. C√°c ƒë·ªì trang tr√≠ l√† perect v√† c√† ph√™ th·ª±c s·ª± l√† th·ª±c s·ª± t·ªët. Ch√∫ng t√¥i ƒë√£ ƒëi m·ªôt l·∫ßn v√† d·ª± ƒë·ªãnh ƒëi l·∫°i chi·ªÅu nay!,1-100.000¬†‚Ç´
35,https://www.google.com/maps/search/?api=1&query=Bicycle%20up%20cafe&query_place_id=ChIJP5o0RikTcTERuDkxx6CUmMg,bicycle up cafe,4.6,"ƒê·∫ßu ti√™n, ng∆∞·ªùi ph·ª• n·ªØ ƒëi·ªÅu h√†nh n√≥ ƒë√£ g·ª£i √Ω cho ch√∫ng t√¥i m·ªôt n∆°i ƒë·ªÉ ƒÉn, v√¨ ch√∫ng t√¥i ƒë√£ r·∫•t n·ªïi ti·∫øng, ƒëi·ªÅu n√†y r·∫•t t·ªët cho nh·ªØng ng∆∞·ªùi ƒëi du l·ªãch b·ªëi r·ªëi v√† m·ªát m·ªèi. Sau ƒë√≥, ch√∫ng t√¥i tr·ªü l·∫°i cho c√† ph√™, ra l·ªánh cho m·ªôt cappuccino, v√† n√≥ l√† kem v√† ngon. N∆°i n√†y c≈©ng th√∫ v·ªã v√¨ n·ªôi th·∫•t. C√¢y trong b·ªìn t·∫Øm, m·ªôt chi·∫øc xe ƒë·∫°p c≈© tr√™n t∆∞·ªùng v√† b√†n c·ªßa ch√∫ng t√¥i l√† m·ªôt c√°nh c·ª≠a nh·ªè. ƒê√£ y√™u n√≥!",1-100.000¬†‚Ç´
36,https://www.google.com/maps/search/?api=1&query=Bicycle%20up%20cafe&query_place_id=ChIJP5o0RikTcTERuDkxx6CUmMg,bicycle up cafe,4.6,"Qu√°n cafe v·ªõi phong c√°ch c·ªï, nh·ªØng b·ªô b√†n gh·∫ø thi·∫øt k·∫ø ng·ªìi tho·∫£i m√°i. T·∫°i ƒë√¢y c√≥ r·∫•t nhi·ªÅu s√°ch, kh√¥ng gian tho√°ng m√°t. Nh√¢n vi√™n ph·ª•c v·ª• r·∫•t nhi·ªát t√¨nh, t√¥i ƒë√£ ƒë·∫øn √≠t nh·∫•t 3 l·∫ßn trong chuy·∫øn ƒëi ƒê√† L·∫°t l·∫ßn n√†y.",1-100.000¬†‚Ç´
37,https://www.google.com/maps/search/?api=1&query=Bicycle%20up%20cafe&query_place_id=ChIJP5o0RikTcTERuDkxx6CUmMg,bicycle up cafe,4.6,"tr√™n c·∫£ tuy·ªát v·ªùi, . Gi√∫p Doanh nghi·ªáp x√¢y d·ª±ng nƒÉng l·ª±c Qu·∫£n tr·ªã chu·ªói cung ·ª©ng, tƒÉng t√≠nh c·∫°nh tranh cho doanh nghi·ªáp, cung c·∫•p c∆° h·ªôi xu·∫•t kh·∫©u, gia nh·∫≠p chu·ªói gi√° tr·ªã khu v·ª±c v√† to√†n c·∫ßu. ‚Ä¢ Gi√∫p ƒë·ªôi ng≈© qu·∫£n l√Ω doanh nghi·ªáp hi·ªÉu t·∫ßm quan tr·ªçng c·ªßa ·ª©ng d·ª•ng Qu·∫£n tr·ªã chu·ªói cung ·ª©ng hi·ªáu qu·∫£ v√†o ho·∫°t ƒë·ªông ph√°t tri·ªÉn b·ªÅn v·ªØng c·ªßa Doanh nghi·ªáp Gi√∫p thi·∫øt l·∫≠p m·ª•c ti√™u, chi·∫øn l∆∞·ª£c Qu·∫£n tr·ªã chu·ªói cung ·ª©ng, ƒë√°nh gi√° v√† qu·∫£n l√Ω nhu c·∫ßu, qu·∫£n l√Ω v·∫≠n h√†nh doanh nghi·ªáp, qu·∫£n l√Ω thu mua cung ·ª©ng, qu·∫£n l√Ω quy tr√¨nh logistics, qu·∫£n l√Ω m·ªëi quan h·ªá doanh nghi·ªáp v√† ƒë·ªëi t√°c trong chu·ªói cung ·ª©ng c·ªßa doanh nghi·ªáp.. ‚Ä¢ Hi·ªÉu c√°c ·ª©ng d·ª•ng c√¥ng ngh·ªá l√™n chu·ªói cung ·ª©ng li√™n quan ƒë·∫øn ho·∫°t ƒë·ªông kinh doanh nh∆∞ th·∫ø n√†o, l√†m th·∫ø n√†o ƒë·ªÉ gi√°m s√°t v√† ƒë√°nh gi√° ho·∫°t ƒë·ªông chu·ªói cung ·ª©ng‚Ä¶",1-100.000¬†‚Ç´
38,https://www.google.com/maps/search/?api=1&query=Bicycle%20up%20cafe&query_place_id=ChIJP5o0RikTcTERuDkxx6CUmMg,bicycle up cafe,4.6,"Kh√¥ng gian v·ªõi nh·ªØng k·ªâ ni·ªám x∆∞a, nh·ª≠ng v·∫≠t d·ª•ng g·ª£i nh·ªõ v·ªÅ qu√° kh·ª©. ƒê·∫øn v·ªõi ƒê√† L·∫°t, c√≤n g√¨ th√≠ch h·ª£p h∆°n khi ng·ªìi trong m·ªôt kh√¥ng gian nhu·ªëm m√†u th·ªùi gian nh∆∞ v·∫≠y. B·∫≠t m√≠ l√† anh ch·ªã ch·ªß qu√°n l·∫°i l√† nh·ªØng ng∆∞·ªùi r·∫•t s√°ng t·∫°o",1-100.000¬†‚Ç´
39,https://www.google.com/maps/search/?api=1&query=Bicycle%20up%20cafe&query_place_id=ChIJP5o0RikTcTERuDkxx6CUmMg,bicycle up cafe,4.6,"Qu√°n cafe nh·ªè x√≠u th√¥i v√¨ v·∫≠y n√™n r·∫•t ·∫•m c√∫ng, nh∆∞ ƒëi l·∫°c v√†o ng√¥i nh√† c·ªï n√†o v·∫≠y, qu√°n c√≥ nh·ªØng m√≥n ƒë·ªì c·ªï r·∫•t ƒë√°ng y√™u v√† hi·∫øm th·∫•y. ƒê√°ng ƒë·ªÉ tr·∫£i nghi·ªám 1 l·∫ßn, c≈©ng g·∫ßn Windmills Cafe , ƒëi l√™n con d·ªëc ·ªü ph√≠a ƒë·ªëi di·ªán",1-100.000¬†‚Ç´
40,https://www.google.com/maps/search/?api=1&query=Bicycle%20up%20cafe&query_place_id=ChIJP5o0RikTcTERuDkxx6CUmMg,bicycle up cafe,4.6,M·ªôt trong nh·ªØng qu√°n d·ªÖ th∆∞∆°ng nh·∫•t ƒê√† L·∫°t. Th∆∞·ªùng xuy√™n c√≥ c√°c ch∆∞∆°ng tr√¨nh giao l∆∞u ·∫•n t∆∞·ª£ng. Th√≠ch nh·∫•t l√† c√≥ L√Ω v·ªÅ ch∆°i. . . Kh√¥ng gian th√¨ th√¥i r·ªìi (qu√° s·ª©c d·ªÖ th∆∞∆°ng...:) ),1-100.000¬†‚Ç´
41,https://www.google.com/maps/search/?api=1&query=ROY%20Villa%20-%20Coffee&query_place_id=ChIJIdO1ZLgTcTERZ3L4SO3NWAI,roy villa - coffee,4.4,"H·ªß ti·∫øu kh√¥ ngon, c√≥ m·∫•y m√≥n tr√† tr√°i c√¢y u·ªëng c≈©ng ƒëc, m√¨nh th√≠c tr√† atiso ƒë·ªè. Tuy·ªÅn th√¢n thi·ªán. L√∫c tr∆∞·ªõc ph·∫£i t·ª± order v√† l·∫•y m√≥n, gi·ªù th√¨ ƒë√£ c√≥ phu t·∫°i b√†n r√πi",$$
42,https://www.google.com/maps/search/?api=1&query=ROY%20Villa%20-%20Coffee&query_place_id=ChIJIdO1ZLgTcTERZ3L4SO3NWAI,roy villa - coffee,4.4,"N∆∞·ªõc ngon. M√¨nh l√† kh√°ch vip n√™n ƒë∆∞·ª£c gi·∫£m gi√° m·ªói l·∫ßn ƒë·∫øn, nh√¢n vi√™n nhi·ªát t√¨nh. Qu√°n c≈©ng m·ªü l√¢u r·ªìi √° m·ªçi ng∆∞·ªùi. C√≥ con c√°i d·∫Øt theo cho t·ª•i n√≥ ƒë·ª° c·∫Øm m·∫∑t v√¥ ƒëi·ªán tho·∫°i c≈©ng t·ªët",$$
43,https://www.google.com/maps/search/?api=1&query=ROY%20Villa%20-%20Coffee&query_place_id=ChIJIdO1ZLgTcTERZ3L4SO3NWAI,roy villa - coffee,4.4,Quan ca phe ƒë·∫πp nhi·ªÅu c√°. ƒêi m·ªôt m√¨nh v·∫´n vui. Ng·ªìi t·ª´ s√°ng t·ªõi chi·ªÅu v·∫´n th·∫•y kh√¥ng bi·∫øt ch√°n. C√≥ nh·ªØng g√≥c y√™n tƒ©nh ƒë·ªÉ ƒë·ªçc s√°ch,$$
44,https://www.google.com/maps/search/?api=1&query=ROY%20Villa%20-%20Coffee&query_place_id=ChIJIdO1ZLgTcTERZ3L4SO3NWAI,roy villa - coffee,4.4,"M√¨nh ƒë·ªÅ c·ª≠ m√≥n h·ªß ti·∫øu kh√¥ ·ªü ƒë√¢y. Qu√°n cafe th√¨ si√™u ƒë·∫πp, nhi·ªÅu c√°. G√≥c v∆∞·ªùn nhi·ªÅu c√¢y xanh, kh√¥ng qu√° r·∫≠m r·∫°p nh∆∞ng v√¥ c√πng m√°t m·∫ª",$$
45,https://www.google.com/maps/search/?api=1&query=ROY%20Villa%20-%20Coffee&query_place_id=ChIJIdO1ZLgTcTERZ3L4SO3NWAI,roy villa - coffee,4.4,"Ph√π h·ª£p cho gia ƒë√¨nh , b·∫°n b√® c·∫ßn kh√¥ng gian y√™n tƒ©nh , m√°t m·∫ª . C√† ph√™ , ƒë·ªì ƒÉn s√°ng ngon , r·∫ª . N√™n tr·∫£i nghi·ªám b·∫ßu kh√¥ng kh√≠ trong l√†nh n√†y .",$$
46,https://www.google.com/maps/search/?api=1&query=ROY%20Villa%20-%20Coffee&query_place_id=ChIJIdO1ZLgTcTERZ3L4SO3NWAI,roy villa - coffee,4.4,"T√¥i ƒë·ªìng √Ω v·ªõi √Ω ki·∫øn tr∆∞·ªõc ƒë√¢y, ƒë√≥ l√† n∆°i tuy·ªát v·ªùi ƒë·ªÉ ƒÉn s√°ng th∆∞ gi√£n.. Kh√¥ng r·∫ª nh∆∞ng n√≥ ƒë√°ng ƒë·ªÉ gh√© thƒÉm",$$
47,https://www.google.com/maps/search/?api=1&query=ROY%20Villa%20-%20Coffee&query_place_id=ChIJIdO1ZLgTcTERZ3L4SO3NWAI,roy villa - coffee,4.4,"Qu√°n ƒë·∫πp, c√≥ s√¢n v∆∞·ªùn nhi·ªÅu hoa v√† c√° t·∫°o c·∫£m gi√°c tho·∫£i m√°i trong l√†nh. Menu c√≥ c√°c m√≥n n∆∞·ªõc gi√° h·ª£p l√Ω v√† m√≥n ƒÉn h·ª£p kh·∫©u v·ªã. B·∫°n nh√¢n vi√™n t√™n Vi·ªát r·∫•t th√¢n thi·ªán, vui v·∫ª. T√¥i th∆∞·ªùng ƒë·∫øn qu√°n v√†o m·ªói bu·ªïi chi·ªÅu cu·ªëi tu·∫ßn ƒë·ªÉ th∆∞ gi√£n ho·∫∑c h·∫πn v·ªõi gia ƒë√¨nh, b·∫°n b√®. S·∫Ω ti·∫øp t·ª•c ·ªßng h·ªô qu√°n Roy Coffee nhi·ªÅu l·∫ßn n·ªØa.",$$
48,https://www.google.com/maps/search/?api=1&query=ROY%20Villa%20-%20Coffee&query_place_id=ChIJIdO1ZLgTcTERZ3L4SO3NWAI,roy villa - coffee,4.4,"Very very good üòú. Villa Ph√°p, s√¢n v∆∞·ªùn r·ªông. Hoa h·ªìng v√† c√∫c hoan mi ng·∫≠p v∆∞·ªùn. H·ªì c√¢ koi th·∫≠t ƒë·∫πp v√† th√°c n∆∞·ªõc. T√¥i y√™u n√≥: ROY villa coffee üíãüíãüíã",$$
49,https://www.google.com/maps/search/?api=1&query=ROY%20Villa%20-%20Coffee&query_place_id=ChIJIdO1ZLgTcTERZ3L4SO3NWAI,roy villa - coffee,4.4,"V·ª´a b∆∞·ªõc v√¥ m√¨nh cho√°ng ng·ª£p b·ªüi v∆∞·ªùn l√° phong r·∫•t nhi·ªÅu lo·∫°i, h·ªì c√° Koi si√™u l√£ng m·∫°n. M√¨nh v√† gia ƒë√¨nh c·ª±c k·ª≥ th√≠ch nh·ªØng m√≥n ƒÉn s√°ng t·∫°i ƒë√¢y, gi√° c·∫£ ph·∫£i chƒÉng v√† r·∫•t ch·∫•t l∆∞·ª£ng. . Nh√¢n vi√™n th√¢n thi·ªán, nhi·ªát t√¨nh. .",$$
50,https://www.google.com/maps/search/?api=1&query=ROY%20Villa%20-%20Coffee&query_place_id=ChIJIdO1ZLgTcTERZ3L4SO3NWAI,roy villa - coffee,4.4,"Qu√°n c√† ph√™ ƒë·∫πp tho√°ng m√°t, nh√¢n vi√™n ph·ª•c v·ª• nhi·ªát t√¨nh, d·ªÉ th∆∞∆°ng. ƒê·∫∑c bi·ªát ·∫•n t∆∞·ª£ng qu√°n c√≥ r·∫•t nhi·ªÅu hoa l√† n∆°i l√Ω t∆∞·ªüng ƒë·ªÉ c√≥ nh·ªØng b·ª©c ·∫£nh ƒë·∫πpüíïüíïüíï",$$
51,https://www.google.com/maps/search/?api=1&query=ROY%20Villa%20-%20Coffee&query_place_id=ChIJIdO1ZLgTcTERZ3L4SO3NWAI,roy villa - coffee,4.4,"V√¥ t√¨nh ƒëi ngang qua v√† gh√© v√†o qu√°n. ƒêi·ªÅu th√≠ch nh·∫•t khi b∆∞·ªõc v√†o qu√°n l√† kh√¥ng gian y√™n tƒ©nh, ng·ªìi du d∆∞a nghe nh·ªØng b·∫£n nh·∫°c tr·ªãnh. ƒê·ªì u·ªëng ngon, gi√° l·∫°i ph·∫£i chƒÉng",$$
52,https://www.google.com/maps/search/?api=1&query=ROY%20Villa%20-%20Coffee&query_place_id=ChIJIdO1ZLgTcTERZ3L4SO3NWAI,roy villa - coffee,4.4,"Kh√¥ng gian r·ªông, c√¢y hoa ƒë·∫πp v√† th∆° m·ªông, nh√¢n vi√™n nhi·ªát t√¨nh, m√≥n ƒÉn nhanh v√† gi√° c·∫£ h·ª£p l√Ω. Trong khu√¥n vi√™n c√≥ khu villa kh√° ƒë·∫πp nh∆∞ng ch∆∞a c√≥ c∆° h·ªôi tr·∫£i nghi·ªám.",$$
53,https://www.google.com/maps/search/?api=1&query=ROY%20Villa%20-%20Coffee&query_place_id=ChIJIdO1ZLgTcTERZ3L4SO3NWAI,roy villa - coffee,4.4,"QuaÃÅn nƒÉÃÄm loÃ£t thoÃâm gi∆∞ÃÉ loÃÄng thaÃÄnh ph√¥ÃÅ ƒêaÃÄ LaÃ£t, ƒëi ngang n√™ÃÅu kh√¥ng ƒë√™Ãâ yÃÅ seÃÉ biÃ£ boÃâ qua, do coÃÅ m√¥Ã£t villa PhaÃÅp c√¥Ãâ ngay trong s√¢n che chƒÉn h√™ÃÅt khu√¥n vi√™n tr∆∞∆°ÃÅc cuÃâa quaÃÅn caÃÄ ph√™. Bu√¥Ãâi t√¥ÃÅi hay saÃÅng gheÃÅ quaÃÅn ƒë√™ÃÄu th√¢ÃÅy ƒëeÃ£p, bu√¥Ãâi saÃÅng thiÃÄ quaÃÅn r∆∞Ã£c r∆°ÃÉ trong nƒÉÃÅng s∆°ÃÅm v∆°ÃÅi v√¥ s√¥ÃÅ loaÃ£i hoa, bu√¥Ãâi t√¥ÃÅi thiÃÄ khu√¥n vi√™n lung linh r∆∞Ã£c r∆°ÃÉ aÃÅnh ƒëeÃÄn. QuaÃÅn coÃÅ m√¥Ã£t s√¥ÃÅ h√¥ÃÄ caÃÅ koi, ng√¥ÃÄi th∆∞∆°Ãâng th∆∞ÃÅc traÃÄ hoƒÉÃ£c caÃÄ ph√™, v∆∞ÃÄa thaÃâ h√¥ÃÄn nhiÃÄn theo doÃÄng caÃÅ ƒëang b∆°i l√¥Ã£i vaÃÄ doÃÄng nhaÃ£c TriÃ£nh √™m aÃâ thiÃÄ quaÃÅ tuy√™Ã£t v∆°ÃÄi cho m√¥Ã£t bu√¥Ãâi saÃÅng cu√¥ÃÅi tu√¢ÃÄn. QuaÃÅn coÃÄn coÃÅ baÃÅn th∆∞ÃÅc ƒÉn saÃÅng vaÃÄ tr∆∞a, giaÃâ caÃâ v∆∞ÃÄa tuÃÅi ti√™ÃÄn cuÃâa ng∆∞∆°ÃÄi ƒêaÃÄ LaÃ£t, n√™m n√™ÃÅm d√™ÃÉ ƒÉn, menu ƒëa daÃ£ng. PhuÃ£c vuÃ£ toaÃÄn laÃÄ nh∆∞ÃÉng baÃ£n treÃâ, l√™ÃÉ pheÃÅp vaÃÄ th√¢n thi√™Ã£n. ƒê√¢y laÃÄ m√¥Ã£t quaÃÅn caÃÄ ph√™ thiÃÅch h∆°Ã£p cuÃÄng baÃ£n beÃÄ ƒë√™ÃÅn ""checkin"" v∆°ÃÅi nh∆∞ÃÉng shot hiÃÄnh lung linh, hay ƒë∆°n giaÃân chiÃâ laÃÄ th∆∞∆°Ãâng th∆∞ÃÅc caÃÄ ph√™ gi∆∞ÃÉa v∆∞∆°ÃÄn hoa r∆∞Ã£c r∆°ÃÉ.",$$
54,https://www.google.com/maps/search/?api=1&query=Le%20J'%20cafe&query_place_id=ChIJJxprLIQTcTERofArpAanDL4,le j' cafe,4.8,"ƒê√≥ l√† 1 kh√¥ng gian y√™n tƒ©nh v·ª´a c√≥ th·ªÉ l√†m vi·ªác ho·∫∑c ƒë·ªçc s√°ch, c√† ph√™ r·∫•t ngon v√† ƒë·∫∑c bi·ªát! 51A Yersin, ph∆∞·ªùng 10, ƒê√† L·∫°t",1-100.000¬†‚Ç´
55,https://www.google.com/maps/search/?api=1&query=Le%20J'%20cafe&query_place_id=ChIJJxprLIQTcTERofArpAanDL4,le j' cafe,4.8,ƒê√≥ l√† m·ªôt n∆°i tuy·ªát v·ªùi ƒë·ªÉ u·ªëng m·ªôt t√°ch c√† ph√™ v√† l·∫Øng nghe n√†ng th∆° v·ªõi m·ªôt ng√†y n·∫Øng. N√≥ r·∫•t r·∫•t l·∫°nh ch√∫ng t√¥i ƒë√£ ƒëi ƒë√¢y. C·∫£m ∆°n b·∫°n.,1-100.000¬†‚Ç´
56,https://www.google.com/maps/search/?api=1&query=Le%20J'%20cafe&query_place_id=ChIJJxprLIQTcTERofArpAanDL4,le j' cafe,4.8,"Kh√¥ng gian nh·ªè nh∆∞ng b√π l·∫°i r·∫•t ·∫•m c√∫ng. T·ª´ ng√†y ƒë∆∞·ª£c ƒê·ª©c pha cho 1 ly c√† ph√™ s·ªØa, ch·∫≥ng c√≤n mu·ªën ƒëi ƒë√¢u. M·ªói ng√†y, ƒë·ªÅu mu·ªën gh√© l·∫°i ƒë√¢y ng·ªìi 1 ch√∫t.",1-100.000¬†‚Ç´
57,https://www.google.com/maps/search/?api=1&query=Le%20J'%20cafe&query_place_id=ChIJJxprLIQTcTERofArpAanDL4,le j' cafe,4.8,"ƒê√¢y, n∆°i m√¨nh d·ªÖ d√†ng th·∫£ l·ªèng ng∆∞·ªùi, tr√¥i trong ti·∫øng Nh·∫°c, ng·ªìi ƒê·ªçc s√°ch, nh√¨n Kh√≥i v√† u·ªëng c√† ph√™ t·ª´ b·∫•t k√¨ n∆°i n√†o k·ªÉ c·∫£ Yellow Bourbon Vi·ªát Nam. H√£y ng·ªìi xu·ªëng v√† u·ªëng c√† ph√™ th√¥i.",1-100.000¬†‚Ç´
58,https://www.google.com/maps/search/?api=1&query=Le%20J'%20cafe&query_place_id=ChIJJxprLIQTcTERofArpAanDL4,le j' cafe,4.8,"ƒê√¢y l√† l·∫ßn ƒë·∫ßu ti√™n t√¥i ƒë·∫øn ƒë√¢y nh∆∞ng t√¥i y√™u kh√¥ng gian n√†y b·ªüi v√¨ h·ªç ƒëang l√†m vi·ªác nh∆∞ m·ªôt n∆°i ƒë·ªãa ph∆∞∆°ng, n∆°i t√¥i c√≥ th·ªÉ n√≥i chuy·ªán v·ªõi ƒê·ª©c - ch·ªß s·ªü h·ªØu v√† nghi√™n c·ª©u v·ªÅ tr√† v√† c√† ph√™ nguy√™n g·ªëc. H·ªç r·∫•t th√¢n thi·ªán, ƒë·ªì u·ªëng si√™u t·ªët, √¢m nh·∫°c v√† nhi·ªÅu cu·ªën s√°ch tuy·ªát v·ªùi.",1-100.000¬†‚Ç´
59,https://www.google.com/maps/search/?api=1&query=MIRK&query_place_id=ChIJt-scMq8TcTERYYLtR05dF7k,mirk,4.7,"Qu√°n mang v·∫ª r·∫•t ƒë·∫∑c bi·ªát v√† ri√™ng bi·ªát, nhi·ªÅu c√¢y xanh tho√°ng m√°t, nh√¢n vi√™n th√¢n thi·ªán v√† m√≥n Mirk Milky ·ªü ƒë√¢y r·∫•t ngon n√™n th·ª≠",1-100.000¬†‚Ç´
60,https://www.google.com/maps/search/?api=1&query=WEECAFE&query_place_id=ChIJ27Ct-icTcTERhjWXRTDxoe0,weecafe,4.9,"Kh√¥ng gian g·∫ßn g≈©i, th√¢n thi·ªán.. Kh√¥ng v√¥ tr∆∞∆°ng kh√¥ng m√†u m√® m·ªçi th·ª© ƒë·ªÅu r·∫•t th·∫≠t.. Th∆∞∆°ng ch·ªó n√†y v√¥ c√πng",1-100.000¬†‚Ç´
61,https://www.google.com/maps/search/?api=1&query=WEECAFE&query_place_id=ChIJ27Ct-icTcTERhjWXRTDxoe0,weecafe,4.9,"C√† ph√™ l√† t·ªët, h·ªç t·ª± rang c√† ph√™. Kh√¥ng gian nh·ªè nh∆∞ng n√≥ l√†m t√¥i c·∫£m th·∫•y nh∆∞ ·ªü nh√†. N·∫øu b·∫°n c√≥ m·ªôt chuy·∫øn ƒëi ƒë·∫øn Lat, b·∫°n n√™n gh√© thƒÉm qu√°n c√† ph√™ n√†y.",1-100.000¬†‚Ç´
62,https://www.google.com/maps/search/?api=1&query=Homuda%20%E3%83%9B%E3%83%BC%E3%83%A0%E3%81%9F%E3%82%99&query_place_id=ChIJ847gcUkTcTERE128d2BLlpA,homuda „Éõ„Éº„É†„Åü„Çô,4.6,"M√¨nh l√† kh√°ch quen c·ªßa Homuda, nh∆∞ng m·ªói l·∫ßn t·ªõi qu√°n nh∆∞ l√† m·ªôt l·∫ßn m·ªõi, v·∫´n khu v∆∞·ªùn Nh·∫≠t B·∫£n n√™n th∆° ·∫•y m√† m·ªói l·∫ßn t·ªõi m√¨nh ƒë·ªÅu th·∫•y m·ªõi m·∫ª, ƒë·ªÅu gi·ªØ m·ªôt ·∫•n t∆∞·ª£ng d·∫°t d√†o nh∆∞ l·∫ßn gh√© tr∆∞·ªõc v√† c·∫£ nh·ªØng l·∫ßn tr∆∞·ªõc ƒë√≥ n·ªØa, nh∆∞ th·ªÉ c·∫£nh v·∫≠t ·ªü Homuda c√≥ m·ªôt ph√©p m√†u v·ª´a b·∫•t bi·∫øn v·ª´a lu√¢n bi·∫øn, v·ª´a l∆∞u gi·ªØ nh·ªØng c·∫£m x√∫c c≈© v·ªõi nh·ªØng kh√¥ng gian c≈©, nh∆∞ng v·ª´a √¢m th·∫ßm lu√¢n chuy·ªÉn nh·ªãp nh√†ng theo th·ªùi gian, l√†m c·∫£m x√∫c c·ªßa m√¨nh th√™m kh√°c nh∆∞ng kh√¥ng r√µ do ƒë√¢u, nh∆∞ ƒë∆∞·ª£c n√¢ng b·ªïng h∆°n, c√≥ th√™m nhi·ªÅu c·∫£m h·ª©ng h∆°n m·ªói khi gh√© Homuda. V√† l√≤ng m√¨nh c≈©ng th·∫•y nh·∫π nh√†ng, b√¨nh y√™n h∆°n r·∫•t nhi·ªÅu.. . ·ªû Homuda d·∫°o n√†y c√≥ th·ª©c u·ªëng Signature m·ªõi, r·∫•t ngon, m√¨nh ƒë√£ th·ª≠ qua nh∆∞ng ch·ªët l·∫°i v·∫´n m√™ nh·∫•t m√≥n Houjacha Geisha, m√¨nh th√≠ch v·ªã hoa h·ªìng v√† s·ª± l√£ng m·∫°n n√™n m√¨nh y√™u em th·ª©c u·ªëng n√†y l·∫Øm l·∫Øm.. . Homuda c√≤n c√≥ g√°c, ·ªü tr·ªÉn kh√¥ng gian ƒë√∫ng ch·∫•t l·∫©n khu·∫•t huy·ªÅn b√≠ v√† r·∫•t gout lu√¥n, tuy kh√¥ng gian t·ªëi kh√¥ng ph·∫£i l√† s·ªü th√≠ch c·ªßa m√¨nh nh∆∞ng m√¨nh v·∫´n hay l√™n ƒë√¢y ng·∫Øm ngh√≠a, v·ªõi l·∫°i ng·ªìi tr√™n n√†y nh√¨n xu·ªëng quang c√£nh v∆∞·ªùn ·ªü d∆∞·ªõi c≈©ng r·∫•t ƒë·∫πp n·ªØa, v√¨ m√¨nh l√† ƒë·ª©a th√≠ch v∆∞·ªùn, th√≠ch c√¢y c·ªè v√† n·∫Øng gi√≥ m√†.. . M·ªói l·∫ßn m√¨nh c√≥ b·∫°n ·ªü xa t·ªõi ƒê√† L·∫°t m√¨nh ƒë·ªÅu d·∫´n ch√∫ng n√≥ t·ªõi Homuda h·∫øt tr∆°n √°, v√† nghe ch√∫ng n√≥ khen c≈©ng nh∆∞ th√≠ch tr·∫£i nghi·ªám ·ªü Homuda th√¨ m√¨nh c≈©ng vui l·∫Øm, v√¨ m√¨nh v·∫´n lu√¥n mong mu·ªën d·∫´n b·∫°n b√® m√¨nh t·ªõi nh·ªØng qu√°n ƒë·∫∑c tr∆∞ng v√† ch·∫•t l∆∞·ª£ng nh·∫•t ·ªü ƒê√† L·∫°t √Ω.",1-100.000¬†‚Ç´
63,https://www.google.com/maps/search/?api=1&query=S%20Coffee%20Roastery&query_place_id=ChIJzTYGMDoTcTER_P86xsmFeLg,s coffee roastery,4.8,"Gi√° c·∫£ ph·∫£i chƒÉng v√† ·∫•m c√∫ng, chuy√™n b√°n c√°c lo·∫°i c√† ph√™ specialty rang xay t·∫°i nh√† v√† chia s·∫ª v·ªÅ c√† ph√™",1-100.000¬†‚Ç´
64,https://www.google.com/maps/search/?api=1&query=S%20Coffee%20Roastery&query_place_id=ChIJzTYGMDoTcTER_P86xsmFeLg,s coffee roastery,4.8,"Qu√°n b√°n cafe, n∆∞·ªõc √©p, kh√¥ng c√≥ ƒÉn s√°ng, gi√° b√¨nh d√¢n, cafe ƒë∆∞·ª£c l√†m t·ª´ ngu·ªìn cafe ƒë·ªãa ph∆∞∆°ng, g·∫ßn trung t√¢m, c√≥ ch·ªó ƒë·∫≠u xe oto.",1-100.000¬†‚Ç´
65,https://www.google.com/maps/search/?api=1&query=Delycious%20by%20cent&query_place_id=ChIJF6-ntS4TcTERswwFx30dGU8,delycious by cent,4.3,"Kh√¥ng c√≥ t·ª´ n√†o c√≥ th·ªÉ b√†y t·ªè c·∫£m x√∫c c·ªßa t√¥i ƒë·ªëi v·ªõi n∆°i n√†y. C·∫£m gi√°c nh∆∞ ·ªü nh√†. ?? C√°c b·∫°n n√™n th·ª≠ t·∫•t c·∫£ c√°c lo·∫°i b√°nh ·ªü ƒë√¢y v√¨ ng∆∞·ªùi ch·ªß qu√°n c√† ph√™ n√†y l√† m·ªôt Baker. C√¥ ·∫•y th·ª±c s·ª± l√† m·ªôt t√†i nƒÉng. Ch·ªâ c·∫ßn m·ªôt v·∫øt c·∫Øn v√† b·∫°n s·∫Ω bi·∫øt nh·ªØng g√¨ t√¥i n√≥i. ??. . C√† ph√™ tr·ª©ng, s√¥ c√¥ la tr·ª©ng, tr√† xo√†i, qu·∫£ ƒë√†o, ca cao qu·∫ø l√† t·ªët nh·∫•t.. . Hy v·ªçng anh ch√†ng s·∫Ω t·∫≠n h∆∞·ªüng chuy·∫øn ƒëi n√†y! ????",$$
66,https://www.google.com/maps/search/?api=1&query=Delycious%20by%20cent&query_place_id=ChIJF6-ntS4TcTERswwFx30dGU8,delycious by cent,4.3,"C√≥ ƒë√≥ v√¨ c√°c ƒë√°nh gi√°. N∆°i ·∫•m c√∫ng nh∆∞ng th·ª©c ƒÉn & d·ªãch v·ª• r·∫•t k√©m.. B√°nh c√≥ v·∫ª ngo√†i ƒë·∫πp m·∫Øt nh∆∞ng thi·∫øu h∆∞∆°ng v·ªã v√† qu√° ng·ªçt. Ch√∫ng t√¥i n·∫øm th·ª≠ b√°nh pho m√°t v√† b√°nh s√¥ c√¥ la: ƒë·ªÉ l·∫°i cho ch√∫ng t√¥i c·∫£ m·ªôt ch√∫t bu·ªìn n√¥n sau ƒë√≥.. D·ªãch v·ª• c√≥ th·ªÉ x·ª≠ l√Ω nhi·ªÅu h∆°n 1 kh√°ch h√†ng t·∫°i m·ªôt th·ªùi ƒëi·ªÉm, v√¨ v·∫≠y mong ƒë·ª£i th·ªùi gian ch·ªù ƒë·ª£i l√¢u v√† nh·∫ßm l·∫´n.. B√™n c·∫°nh b√°nh ng·ªçt, ch√∫ng t√¥i c≈©ng ƒë·∫∑t mua m·ªôt s·ªë b√°nh qu·∫ø ƒë·∫øn kho·∫£ng 45 ph√∫t k·ªÉ t·ª´ khi ch√∫ng t√¥i ƒë·∫∑t h√†ng v√† sau khi ch√∫ng t√¥i nh·∫Øc nh·ªü hai l·∫ßn nh√¢n vi√™n. Ch·ªß y·∫øu l√† v√¨ ch√∫ng t√¥i ƒë√£ th·∫•y c√°c b·∫£ng kh√°c nh·∫≠n ƒë∆∞·ª£c ƒë∆°n ƒë·∫∑t h√†ng tr∆∞·ªõc ch√∫ng t√¥i m·∫∑c d√π ch√∫ng t√¥i l√† ng∆∞·ªùi ƒë·∫ßu ti√™n x·∫øp h√†ng. C·∫©n th·∫≠n s·ªØa cofee ƒë·∫øn ng·ªçt qu√° nhi·ªÅu.",$$
67,https://www.google.com/maps/search/?api=1&query=Delycious%20by%20cent&query_place_id=ChIJF6-ntS4TcTERswwFx30dGU8,delycious by cent,4.3,"Y√™u n∆°i n√†y, th·ª±c s·ª± d·ªÖ th∆∞∆°ng, tho·∫£i m√°i v√† ch·∫•t l∆∞·ª£ng h√†ng ƒë·∫ßu. c√≥ m·ªôt ly c√† ph√™ g·ª´ng tuy·ªát ƒë·∫πp, v√† m·ªôt ch√∫t b√°nh s√¥ c√¥ la tuy·ªát v·ªùi, ∆∞·ªõc g√¨ t√¥i ƒë√£ t√¨m th·∫•y n√≥ s·ªõm h∆°n!",$$
68,https://www.google.com/maps/search/?api=1&query=Delycious%20by%20cent&query_place_id=ChIJF6-ntS4TcTERswwFx30dGU8,delycious by cent,4.3,"ƒê√£ ·ªü Delycons hai l·∫ßn. H·ªç c√≥ m·ªôt l·ª±a ch·ªçn t·ªët c·ªßa c√°c lo·∫°i tr√†. M√≥n tr√°ng mi·ªáng c·ªßa h·ªç d∆∞·ªùng nh∆∞ ƒë∆∞·ª£c chu·∫©n b·ªã b·ªüi nh·ªØng ng∆∞·ªùi th·ª±c s·ª± bi·∫øt nh·ªØng g√¨ h·ªç ƒëang l√†m. √çt ƒë∆∞·ªùng nh∆∞ng th·ª±c s·ª± r·∫•t ngon. V·ªã tr√≠ ho√†n h·∫£o, nh√¢m nhi c√† ph√™ xem ng∆∞·ªùi d√¢n ƒë·ªãa ph∆∞∆°ng & kh√°ch du l·ªãch t·ª´ hai g√≥c kh√°c nhau.",$$
69,https://www.google.com/maps/search/?api=1&query=Delycious%20by%20cent&query_place_id=ChIJF6-ntS4TcTERswwFx30dGU8,delycious by cent,4.3,"Qu√°n c√† ph√™ thanh l·ªãch nh·∫π nh√†ng, trang tr√≠ d·ªÖ th∆∞∆°ng. ƒê·ªì u·ªëng kh√° ngon, nh√¢n vi√™n c≈©ng d·ªÖ th∆∞∆°ng n·ªët :))",$$
70,https://www.google.com/maps/search/?api=1&query=Delycious%20by%20cent&query_place_id=ChIJF6-ntS4TcTERswwFx30dGU8,delycious by cent,4.3,"Ch√∫ng t√¥i t√¨m th·∫•y qu√°n c√† ph√™ nh·ªè n√†y m·ªôt c√°ch t√¨nh c·ªù v√† ƒë√£ c√≥ c√† ph√™ ngon nh·∫•t ·ªü Vi·ªát Nam!. C√°c nh√¢n vi√™n c≈©ng si√™u ƒë·∫πp. Ch√∫ng t√¥i l·∫•y m·ªôt v√†i b√°nh s·ª´ng b√≤ t∆∞∆°i, b∆° v√† ngon. Ch√∫ng t√¥i c≈©ng l·∫•y m·ªôt mi·∫øng b√°nh tr√°i c√¢y ni·ªÅm ƒëam m√™, m·ªôt l·∫ßn n·ªØa ngon. Nh·ªØng ƒë·ª©a tr·∫ª l·∫•y s√¥ c√¥ la n√≥ng ƒë∆∞·ª£c ph·ª•c v·ª• v·ªõi k·∫πo d·∫ªo nh·ªè - nh·ªØng g√¨ m·ªôt ƒëi·ªÅu tr·ªã. . .. V√¨ v·∫≠y, n·∫øu b·∫°n x·∫£y ra ·ªü ƒê√† L·∫°t, h√£y ch·∫Øc ch·∫Øn b·∫°n ƒë·∫øn thƒÉm n∆°i n√†y, ngay c·∫£ khi kh√¥ng n·∫±m trong khu v·ª±c du l·ªãch ch√≠nh.",$$
71,https://www.google.com/maps/search/?api=1&query=Delycious%20by%20cent&query_place_id=ChIJF6-ntS4TcTERswwFx30dGU8,delycious by cent,4.3,"Ch√∫ng t√¥i ƒë·∫øn ƒë√¢y kh√° th∆∞·ªùng xuy√™n v√¨ n√≥ g·∫ßn v·ªõi AirBnb c·ªßa ch√∫ng t√¥i. ƒê√≥ l√† v√¥ c√πng th∆∞ gi√£n v·ªõi c√°c nh√¢n vi√™n r·∫•t th√¢n thi·ªán, h·ªØu √≠ch v√† nh·ªØng chi·∫øc b√°nh tuy·ªát v·ªùi nh·∫•t. ƒê√≥ l√† m·ªôt s·ª± x·∫•u h·ªï ch√∫ng ta ph·∫£i r·ªùi kh·ªèi L·∫°t ma!",$$
72,https://www.google.com/maps/search/?api=1&query=Delycious%20by%20cent&query_place_id=ChIJF6-ntS4TcTERswwFx30dGU8,delycious by cent,4.3,"V∆∞·ª£t qua qu√°n c√† ph√™ tuy·ªát v·ªùi n√†y, n·∫±m tr√™n m·ªôt con ƒë∆∞·ªùng y√™n tƒ©nh. Nh√¢n vi√™n th√¢n thi·ªán v√† tr√† v√† c√† ph√™ th∆°m ngon. R·∫•t mu·ªën gi·ªõi thi·ªáu.",$$
73,https://www.google.com/maps/search/?api=1&query=Delycious%20by%20cent&query_place_id=ChIJF6-ntS4TcTERswwFx30dGU8,delycious by cent,4.3,"R·∫•t trang tr√≠ trang nh√£, c√† ph√™ tuy·ªát v·ªùi (ch√∫ng t√¥i ƒë√£ th·ª≠ Cappuccino v√† Latte m√† c·∫£ hai ƒë·ªÅu ngon) v√† ƒë√°ng y√™u, b·∫ßu kh√¥ng kh√≠ tho·∫£i m√°i. R·∫•t khuy√™n!",$$
74,https://www.google.com/maps/search/?api=1&query=Delycious%20by%20cent&query_place_id=ChIJF6-ntS4TcTERswwFx30dGU8,delycious by cent,4.3,S·ª± xu·∫•t hi·ªán quy·∫øn r≈© c·ªßa qu√°n c√† ph√™ thu h√∫t t√¥i v√† t√¥i ƒë√£ c√≥ m·ªôt ly c√† ph√™ latte tuy·ªát v·ªùi (v·ªõi m·ªôt cookie). C√°c nh√¢n vi√™n r·∫•t th√¢n thi·ªán v√† h·ªç cung c·∫•p cho b·∫°n m·ªôt tr√† n√≥ng khi b·∫°n b∆∞·ªõc v√†o. N∆°i ƒë√°ng y√™u!,$$
75,https://www.google.com/maps/search/?api=1&query=K%20Coffee%20Audiophile&query_place_id=ChIJSfDwwDwTcTERsP036LuRDQc,k coffee audiophile,4.6,"Qu√°n th·ª±c s·ª± r·∫•t ƒë·∫πp, thi·∫øt k·∫ø r·∫•t ·∫•n t∆∞·ª£ng. ƒê·ªì u·ªëng ngon, nh√¢n vi√™n nhanh nh·∫πn. ƒê·∫∑c bi·ªát nh·∫•t l√† qu√°n nh·∫°c ch∆°i s·ªëng n√™n th·ª±c s·ª± l√† r·∫•t tuy·ªát.",1-100.000¬†‚Ç´
76,https://www.google.com/maps/search/?api=1&query=K%20Coffee%20Audiophile&query_place_id=ChIJSfDwwDwTcTERsP036LuRDQc,k coffee audiophile,4.6,"Qu√°n kh√° ƒë·∫πp, cgia th√†nh 02 khu v·ª±c: 1 khu v·ª±c ·∫•m c√∫ng, m·ªôt khu v·ª±c kh√¥ng gian m·ªü hi·ªán ƒë·∫°i. Ch·ªó ƒë·∫≠u xe r·ªông r√£i. Tuy nhi√™n s·∫Øp x·∫øp h∆°i ch·∫≠t v√† menu kh√¥ng ƒëa d·∫°ng, ƒë·ªám l√≥t gh·∫ø v√† t·ª±a l∆∞ng h∆°i b·∫©n",1-100.000¬†‚Ç´
77,https://www.google.com/maps/search/?api=1&query=K%20Coffee%20Audiophile&query_place_id=ChIJSfDwwDwTcTERsP036LuRDQc,k coffee audiophile,4.6,"ƒê√°ng ƒë·ªÉ ghe l·∫°i v·ªõi gi√° c·∫£ ph·∫£i chƒÉng, y√™n tƒ©nh ·∫•m c√∫ng v√† ƒë·∫πp, m·ªôt kh√¥ng gian tuy·ªát v·ªùi kho ƒë·∫øn v·ªõi ƒë√† l·∫°t",1-100.000¬†‚Ç´
